California DeLorme Challenge (Northern)[GCHANH] Page #,,,,
https://www.geocaching.com/geocache/GCHANH_california-delorme-challenge-northern?guid=0ed51790-46d9-4d27-bdec-c2893dc19174,,,,
North,South,East,West,Page
42.009722,41.5,-123.9375,-124.375,Page 22
42.009722,41.5,-123.5,-123.9375,Page 23
42.009722,41.5,-123.0625,-123.5,Page 24
42.009722,41.5,-122.625,-123.0625,Page 25
42.009722,41.5,-122.1875,-122.625,Page 26
42.009722,41.5,-121.75,-122.1875,Page 27
42.009722,41.5,-121.3125,-121.75,Page 28
42.009722,41.5,-120.875,-121.3125,Page 29
42.009722,41.5,-120.4375,-120.875,Page 30
42.009722,41.5,-119.998056,-120.4375,Page 31
41.5,41,-123.9375,-124.375,Page 32
41.5,41,-123.5,-123.9375,Page 33
41.5,41,-123.0625,-123.5,Page 34
41.5,41,-122.625,-123.0625,Page 35
41.5,41,-122.1875,-122.625,Page 36
41.5,41,-121.75,-122.1875,Page 37
41.5,41,-121.3125,-121.75,Page 38
41.5,41,-120.875,-121.3125,Page 39
41.5,41,-120.4375,-120.875,Page 40
41.5,41,-119.998056,-120.4375,Page 41
41,40.5,-123.945833,-124.391667,Page 42
41,40.5,-123.5,-123.945833,Page 43
41,40.5,-123.0625,-123.5,Page 44
41,40.5,-122.625,-123.0625,Page 45
41,40.5,-122.1875,-122.625,Page 46
41,40.5,-121.75,-122.1875,Page 47
41,40.5,-121.3125,-121.75,Page 48
41,40.5,-120.875,-121.3125,Page 49
41,40.5,-120.4375,-120.875,Page 50
41,40.5,-120,-120.4375,Page 51
40.5,40,-123.956389,-124.416667,Page 52
40.5,40,-123.5,-123.956389,Page 53
40.5,40,-123.0625,-123.5,Page 54
40.5,40,-122.625,-123.0625,Page 55
40.5,40,-122.1875,-122.625,Page 56
40.5,40,-121.75,-122.1875,Page 57
40.5,40,-121.3125,-121.75,Page 58
40.5,40,-120.875,-121.3125,Page 59
40.5,40,-120.4375,-120.875,Page 60
40.5,40,-119.995278,-120.4375,Page 61
40,39.5,-123.9375,-124.375,Page 62
40,39.5,-123.5,-123.9375,Page 63
40,39.5,-123.0625,-123.5,Page 64
40,39.5,-122.625,-123.0625,Page 65
40,39.5,-122.1875,-122.625,Page 66
40,39.5,-121.75,-122.1875,Page 67
40,39.5,-121.3125,-121.75,Page 68
40,39.5,-120.875,-121.3125,Page 69
40,39.5,-120.4375,-120.875,Page 70
40,39.5,-119.996667,-120.4375,Page 71
39,38.708889,-123.5,-123.77,Page 72
39.5,39,-123.5,-123.9375,Page 73
39.5,39,-123.0625,-123.5,Page 74
39.5,39,-122.625,-123.0625,Page 75
39.5,39,-122.1875,-122.625,Page 76
39.5,39,-121.75,-122.1875,Page 77
39.5,39,-121.3125,-121.75,Page 78
39.5,39,-120.875,-121.3125,Page 79
39.5,39,-120.4375,-120.875,Page 80
39.5,39,-120,-120.4375,Page 81
39,38.5,-123.0625,-123.5,Page 82
39,38.5,-122.625,-123.0625,Page 83
39,38.5,-122.1875,-122.625,Page 84
39,38.5,-121.75,-122.1875,Page 85
39,38.5,-121.3125,-121.75,Page 86
39,38.5,-120.875,-121.3125,Page 87
39,38.5,-120.4375,-120.875,Page 88
39,38.5,-120,-120.4375,Page 89
39,38.5,-119.5625,-120,Page 90
39,38.5,-119.125,-119.5625,Page 91
38.5,38,-123.0625,-123.5,Page 92
38.5,38,-122.625,-123.0625,Page 93
38.5,38,-122.1875,-122.625,Page 94
38.5,38,-121.75,-122.1875,Page 95
38.5,38,-121.3125,-121.75,Page 96
38.5,38,-120.875,-121.3125,Page 97
38.5,38,-120.4375,-120.875,Page 98
38.5,38,-120,-120.4375,Page 99
38.5,38,-119.5625,-120,Page 100
38.5,38,-119.125,-119.5625,Page 101
38.441667,38,-118.6875,-119.125,Page 102
38,37.5,-122.625,-123.0625,Page 103a 
38.133333,38,-118.483333,-118.6875,Page 103b 
38,37.5,-122.1875,-122.625,Page 104
38,37.5,-121.75,-122.1875,Page 105
38,37.5,-121.3125,-121.75,Page 106
38,37.5,-120.875,-121.3125,Page 107
38,37.5,-120.4375,-120.875,Page 108
38,37.5,-120,-120.4375,Page 109
38,37.5,-119.5625,-120,Page 110
38,37.5,-119.125,-119.5625,Page 111
38,37.5,-118.6875,-119.125,Page 112
38,37.5,-118.25,-118.6875,Page 113
37.5,37,-122.1875,-122.625,Page 114a 
37.796944,37.5,-117.866667,-118.25,Page 114b 
37.5,37,-121.75,-122.1875,Page 115
37.5,37,-121.3125,-121.75,Page 116
37.5,37,-120.875,-121.3125,Page 117
37.5,37,-120.4375,-120.875,Page 118
37.5,37,-120,-120.4375,Page 119
37.5,37,-119.5625,-120,Page 120
37.5,37,-119.125,-119.5625,Page 121
37.5,37,-118.6875,-119.125,Page 122
37.5,37,-118.25,-118.6875,Page 123
37.5,37,-117.8125,-118.25,Page 124
37.5,37,-117.203889,-117.8125,Page 125
